Handle,Title,Body (HTML),Vendor,Product Category,Type,Tags,Published,Option1 Name,Option1 Value,Option1 Linked To,Option2 Name,Option2 Value,Option2 Linked To,Option3 Name,Option3 Value,Option3 Linked To,Variant SKU,Variant Grams,Variant Inventory Tracker,Variant Inventory Qty,Variant Inventory Policy,Variant Fulfillment Service,Variant Price,Variant Compare At Price,Variant Requires Shipping,Variant Taxable,Variant Barcode,Image Src,Image Position,Image Alt Text,Gift Card,SEO Title,SEO Description,Google Shopping / Google Product Category,Google Shopping / Gender,Google Shopping / Age Group,Google Shopping / MPN,Google Shopping / Condition,Google Shopping / Custom Product,Google Shopping / Custom Label 0,Google Shopping / Custom Label 1,Google Shopping / Custom Label 2,Google Shopping / Custom Label 3,Google Shopping / Custom Label 4,Google: Custom Product (product.metafields.mm-google-shopping.custom_product),Maxium characters (product.metafields.my_fields.maxium_characters),Product rating count (product.metafields.reviews.rating_count),Complementary products (product.metafields.shopify--discovery--product_recommendation.complementary_products),Related products (product.metafields.shopify--discovery--product_recommendation.related_products),Related products settings (product.metafields.shopify--discovery--product_recommendation.related_products_display),Search product boosts (product.metafields.shopify--discovery--product_search_boost.queries),Variant Image,Variant Weight Unit,Variant Tax Code,Cost per item,Included / United States,Price / United States,Compare At Price / United States,Included / International,Price / International,Compare At Price / International,Status
,,"<div style=""box-sizing: border-box; margin: 0.5em 0px 0em 25px; color: rgb(51, 51, 51); overflow-wrap: break-word; font-size: small; line-height: initial;"" id=""isPasted"">
<p style=""box-sizing: border-box; padding: 0px; margin: 0em 0px 1em 1em;""><span style=""box-sizing: border-box;"">Celebrate the arrival of your little one with our adorable Custom Baby onesie®, the perfect baby shower gift that will be cherished for years to come. This charming piece of baby clothing is an ideal new baby gift for welcoming a newborn into the world. Whether it's for a baby announcement, a pregnancy reveal, or a special baby shower, this baby onesie® is sure to delight.</span></p>
<p style=""box-sizing: border-box; padding: 0px; margin: 0em 0px 1em 1em;""><span style=""box-sizing: border-box;"">Our Custom Baby onesie® features a playful and cute design, perfect for showcasing your baby's unique personality. Made with love and care, this baby onesie® is designed to keep your baby comfortable and stylish. It's an essential item in cute baby clothes, making it a standout piece for any new arrival.</span></p>
<p style=""box-sizing: border-box; padding: 0px; margin: 0em 0px 1em 1em;""><span style=""box-sizing: border-box;"">Perfect for both baby boys and girls, this versatile baby onesie® is soft, comfortable, and durable, ensuring it can withstand numerous washes. The easy-to-use snaps make changing a breeze, providing convenience for busy parents.</span></p>
<p style=""box-sizing: border-box; padding: 0px; margin: 0em 0px 1em 1em;""><span style=""box-sizing: border-box;"">Whether you're looking for a personalized baby onesie®, a funny baby onesie®, or a cute baby onesie®, this Custom Baby onesie® has it all. It’s ideal for celebrating the excitement of a new baby, featuring charming and customizable designs. This makes it a fantastic option for funny baby clothes that bring a smile to everyone's face.</span></p>
<p style=""box-sizing: border-box; padding: 0px; margin: 0em 0px 1em 1em;""><span style=""box-sizing: border-box;"">Imagine gifting this delightful baby onesie® at a baby shower or using it as a memorable baby announcement or pregnancy reveal. It’s perfect for anyone searching for a unique baby gift, announcement baby onesie®, or a special new baby onesie®. This baby onesie® is not just an item of clothing; it’s a keepsake that celebrates the joy and wonder of a new life.</span></p>
<p style=""box-sizing: border-box; padding: 0px; margin: 0em 0px 1em 1em;""><span style=""box-sizing: border-box;"">From baby boy clothes to baby girl clothes, this baby onesie® is perfect for any newborn. Whether it’s a boho design, a Fathers Day gift, or custom baby clothes, this piece is a wonderful addition to any baby's wardrobe.</span></p>
</div>",North Fork Forager,Apparel & Accessories > Clothing > Baby & Toddler Clothing > Baby One-Pieces,Baby Onesie,,TRUE,Title,Default Title,,,,,,,,,85.04856938,shopify,999,deny,manual,21.99,0,TRUE,FALSE,,,1,,FALSE,,"Celebrate the arrival of your little one with our adorable Custom Baby onesie®, the perfect baby shower gift that will be cherished for years to come. This charming piece of baby clothing is an ideal new baby gift for welcoming a newborn into the world. Whether it's for a baby announcement, a pregnancy reveal, or a special baby shower, this baby onesie® is sure to delight. Our Custom Baby onesie® features a playful and cute design, perfect for showcasing your baby's unique personality. Made with love and care, this baby onesie® is designed to keep your baby comfortable and stylish. It's an essential item in cute baby clothes, making it a standout piece for any new arrival. Perfect for both baby boys and girls, this versatile baby onesie® is soft, comfortable, and durable, ensuring it can withstand numerous washes. The easy-to-use snaps make changing a breeze, providing convenience for busy parents. Whether you're looking for a personalized baby onesie®, a funny baby onesie®, or a cute baby onesie®, this Custom Baby onesie® has it all. It’s ideal for celebrating the excitement of a new baby, featuring charming and customizable designs. This makes it a fantastic option for funny baby clothes that bring a smile to everyone's face. Imagine gifting this delightful baby onesie® at a baby shower or using it as a memorable baby announcement or pregnancy reveal. It’s perfect for anyone searching for a unique baby gift, announcement baby onesie®, or a special new baby onesie®. This baby onesie® is not just an item of clothing; it’s a keepsake that celebrates the joy and wonder of a new life. From baby boy clothes to baby girl clothes, this baby onesie® is perfect for any newborn. Whether it’s a boho design, a Fathers Day gift, or custom baby clothes, this piece is a wonderful addition to any baby's wardrobe.",,,,,,,,,,,,,,,,,,,,oz,,0,TRUE,,,TRUE,,,active
,,,,,,,,,,,,,,,,,,,,,,,,,,,,https://cdn.shopify.com/s/files/1/0545/2018/5017/files/ca9082d9-c0ef-4dbc-a8a8-0de85b9610c0-copy.jpg?v=1741427541,2,,,,,,,,,,,,,,,,,,,,,,,,,,,,,,,,,
,,,,,,,,,,,,,,,,,,,,,,,,,,,,https://cdn.shopify.com/s/files/1/0545/2018/5017/files/26363115-65e5-4936-b422-aca4c5535ae1-copy.jpg?v=1741427541,3,,,,,,,,,,,,,,,,,,,,,,,,,,,,,,,,,
,,,,,,,,,,,,,,,,,,,,,,,,,,,,https://cdn.shopify.com/s/files/1/0545/2018/5017/files/a050c7dc-d0d5-4798-acdd-64b5da3cc70c-copy.jpg?v=1741427541,4,,,,,,,,,,,,,,,,,,,,,,,,,,,,,,,,,
,,,,,,,,,,,,,,,,,,,,,,,,,,,,https://cdn.shopify.com/s/files/1/0545/2018/5017/files/7159a2aa-6595-4f28-8c53-9fe803487504-copy.jpg?v=1741427541,5,,,,,,,,,,,,,,,,,,,,,,,,,,,,,,,,,
,,,,,,,,,,,,,,,,,,,,,,,,,,,,https://cdn.shopify.com/s/files/1/0545/2018/5017/files/700cea5a-034d-4520-99ee-218911d7e905-copy.jpg?v=1741427541,6,,,,,,,,,,,,,,,,,,,,,,,,,,,,,,,,,
